Slug,H1,Title,MetaDescription,Keyword_Principal,Volumen_Mes,KD,Tipo,Prioridad
ia-para-negocios,"Inteligencia Artificial para Negocios en LATAM: Guía Completa 2026","IA para Negocios 2026 | Guía Completa LATAM | Consultor IA","Implementamos inteligencia artificial en negocios LATAM. Casos reales, precios en moneda local y guía paso a paso para empresas en 2026.","inteligencia artificial para negocios",480,33,pillar_principal,1
consultor-inteligencia-artificial,"Consultor en Inteligencia Artificial para Empresas LATAM","Consultor Inteligencia Artificial 2026 | LATAM","Consultor certificado en IA. Implementación de agentes inteligentes, estrategia y automatización para empresas en Colombia, México y LATAM.","consultor inteligencia artificial",70,12,pillar_principal,1
ia-para-empresas,"Inteligencia Artificial para Empresas: Implementación Real","IA para Empresas | Implementación Práctica 2026","Cómo implementar inteligencia artificial en tu empresa paso a paso. Casos reales, herramientas, precios y errores a evitar en 2026.","inteligencia artificial para empresas",30,33,pillar_principal,1
ia-para-industria,"Inteligencia Artificial en la Industria: Aplicaciones 2026","IA en la Industria 2026 | Aplicaciones Reales","Aplicaciones de inteligencia artificial en la industria LATAM. Manufactura, logística, retail, salud y más con casos de uso reales.","inteligencia artificial en la industria",1000,51,pillar_principal,1
automatizacion-con-ia,"Automatización con Inteligencia Artificial para Empresas","Automatización con IA 2026 | Procesos Empresariales","Automatiza procesos empresariales con inteligencia artificial. Casos reales, ROI esperado y guía de implementación para PYMES LATAM.","automatización inteligencia artificial",30,20,pillar_principal,1
transformacion-digital-con-ia,"Transformación Digital con IA: Guía LATAM 2026","Transformación Digital con IA 2026 | Guía LATAM","Cómo la inteligencia artificial acelera la transformación digital de tu empresa. Estrategia, implementación y casos LATAM.","inteligencia artificial y transformacion digital",30,15,pillar_principal,1
ia-para-pymes,"Inteligencia Artificial para PYMES: Guía Práctica","IA para PYMES 2026 | Guía Práctica LATAM","La IA ya no es solo para grandes empresas. Guía práctica para implementar inteligencia artificial en tu PYME LATAM con presupuesto real.","ia para pymes",50,20,pillar_vertical,2
ia-para-retail,"IA para Retail y Comercio: Automatización y Personalización","IA para Retail 2026 | Automatización y Ventas","Aplicaciones de inteligencia artificial en retail LATAM. Chatbots, personalización, inventario y análisis predictivo para tiendas.","ia para retail",30,bajo,pillar_vertical,2
ia-para-salud,"IA para el Sector Salud: Aplicaciones y Beneficios","IA para Salud 2026 | Aplicaciones Clínicas","Inteligencia artificial en salud LATAM. Agendamiento, triaje, seguimiento de pacientes y automatización para clínicas y consultorios.","ia para salud",30,bajo,pillar_vertical,2
ia-para-restaurantes,"IA para Restaurantes: Chatbots WhatsApp y Automatización","IA para Restaurantes 2026 | Chatbots y Reservas","Automatiza tu restaurante con IA. Reservas por WhatsApp, gestión de menú, recuperación de clientes y reducción de no-shows en LATAM.","ia para restaurantes",bajo,bajo,pillar_vertical,1
ia-para-hoteles,"IA para Hoteles y Hostales: Atención Multiidioma 24/7","IA para Hoteles 2026 | Atención Automatizada","Agentes IA multiidioma para hoteles LATAM. Reservas directas, check-in, recomendaciones y upselling automático vía WhatsApp.","ia para hoteles",bajo,bajo,pillar_vertical,2
ia-para-salones-de-belleza,"IA para Salones de Belleza: Agenda y Fidelización","IA para Salones 2026 | Agenda Inteligente","Automatiza tu salón de belleza con IA. Agenda de citas, recordatorios, venta de paquetes y fidelización de clientes vía WhatsApp.","ia para salones de belleza",bajo,bajo,pillar_vertical,2
ia-para-inmobiliarias,"IA para Inmobiliarias: Calificación de Leads y Visitas","IA para Inmobiliarias 2026 | Leads Calificados","Agentes IA para inmobiliarias LATAM. Calificación automática de leads, agenda de visitas y seguimiento hasta el cierre por WhatsApp.","ia para inmobiliarias",bajo,bajo,pillar_vertical,2
precios-agente-ia-latam,"Precios de Agentes IA en LATAM 2026: Guía Completa","Precios IA en LATAM 2026 | Guía Completa","Cuánto cuesta implementar un agente IA en LATAM. Precios por país, plan e industria. Guía transparente 2026 para PYMES.","precios inteligencia artificial empresas",bajo,bajo,pillar_comercial,2
como-implementar-agente-ia,"Cómo Implementar un Agente IA en tu Empresa: 5 Pasos","Cómo Implementar IA 2026 | Guía Paso a Paso","Guía práctica para implementar un agente IA en tu empresa LATAM. 5 pasos, tiempos reales, errores a evitar y casos de éxito 2026.","como implementar inteligencia artificial en la empresa",bajo,bajo,pillar_educativo,2
agente-ia-vs-chatbot,"Agente IA vs Chatbot: Diferencias Clave para tu Negocio","Agente IA vs Chatbot 2026 | Comparativa Real","¿Agente IA o chatbot tradicional? Comparación completa con casos, precios y cuándo elegir cada uno para tu negocio LATAM.","agente ia vs chatbot",bajo,bajo,pillar_comparativo,3
casos-exito-ia-pymes,"Casos de Éxito de IA en PYMES LATAM","Casos de Éxito IA PYMES | LATAM 2026","Casos reales de PYMES LATAM que implementaron inteligencia artificial. Resultados, inversión y lecciones aprendidas.","casos de exito inteligencia artificial",bajo,bajo,pillar_social_proof,3